Ad Group,Keyword,Campaign,Criterion Type
sofas,sofas cheap,SEM_Sofas,Exact
sofas,cheap sofas,SEM_Sofas,Exact
sofas,sofas discount,SEM_Sofas,Exact
sofas,discount sofas,SEM_Sofas,Exact
sofas,sofas sale,SEM_Sofas,Exact
sofas,sale sofas,SEM_Sofas,Exact
sofas,sofas best value,SEM_Sofas,Exact
sofas,best value sofas,SEM_Sofas,Exact
sofas,sofas bargain,SEM_Sofas,Exact
sofas,bargain sofas,SEM_Sofas,Exact
sofas,sofas affordable,SEM_Sofas,Exact
sofas,affordable sofas,SEM_Sofas,Exact
sofas,sofas promotion,SEM_Sofas,Exact
sofas,promotion sofas,SEM_Sofas,Exact
sofas,sofas budget,SEM_Sofas,Exact
sofas,budget sofas,SEM_Sofas,Exact
convertible sofas,convertible sofas cheap,SEM_Sofas,Exact
convertible sofas,cheap convertible sofas,SEM_Sofas,Exact
convertible sofas,convertible sofas discount,SEM_Sofas,Exact
convertible sofas,discount convertible sofas,SEM_Sofas,Exact
convertible sofas,convertible sofas sale,SEM_Sofas,Exact
convertible sofas,sale convertible sofas,SEM_Sofas,Exact
convertible sofas,convertible sofas best value,SEM_Sofas,Exact
convertible sofas,best value convertible sofas,SEM_Sofas,Exact
convertible sofas,convertible sofas bargain,SEM_Sofas,Exact
convertible sofas,bargain convertible sofas,SEM_Sofas,Exact
convertible sofas,convertible sofas affordable,SEM_Sofas,Exact
convertible sofas,affordable convertible sofas,SEM_Sofas,Exact
convertible sofas,convertible sofas promotion,SEM_Sofas,Exact
convertible sofas,promotion convertible sofas,SEM_Sofas,Exact
convertible sofas,convertible sofas budget,SEM_Sofas,Exact
convertible sofas,budget convertible sofas,SEM_Sofas,Exact
love seats,love seats cheap,SEM_Sofas,Exact
love seats,cheap love seats,SEM_Sofas,Exact
love seats,love seats discount,SEM_Sofas,Exact
love seats,discount love seats,SEM_Sofas,Exact
love seats,love seats sale,SEM_Sofas,Exact
love seats,sale love seats,SEM_Sofas,Exact
love seats,love seats best value,SEM_Sofas,Exact
love seats,best value love seats,SEM_Sofas,Exact
love seats,love seats bargain,SEM_Sofas,Exact
love seats,bargain love seats,SEM_Sofas,Exact
love seats,love seats affordable,SEM_Sofas,Exact
love seats,affordable love seats,SEM_Sofas,Exact
love seats,love seats promotion,SEM_Sofas,Exact
love seats,promotion love seats,SEM_Sofas,Exact
love seats,love seats budget,SEM_Sofas,Exact
love seats,budget love seats,SEM_Sofas,Exact
recliners,recliners cheap,SEM_Sofas,Exact
recliners,cheap recliners,SEM_Sofas,Exact
recliners,recliners discount,SEM_Sofas,Exact
recliners,discount recliners,SEM_Sofas,Exact
recliners,recliners sale,SEM_Sofas,Exact
recliners,sale recliners,SEM_Sofas,Exact
recliners,recliners best value,SEM_Sofas,Exact
recliners,best value recliners,SEM_Sofas,Exact
recliners,recliners bargain,SEM_Sofas,Exact
recliners,bargain recliners,SEM_Sofas,Exact
recliners,recliners affordable,SEM_Sofas,Exact
recliners,affordable recliners,SEM_Sofas,Exact
recliners,recliners promotion,SEM_Sofas,Exact
recliners,promotion recliners,SEM_Sofas,Exact
recliners,recliners budget,SEM_Sofas,Exact
recliners,budget recliners,SEM_Sofas,Exact
sofa beds,sofa beds cheap,SEM_Sofas,Exact
sofa beds,cheap sofa beds,SEM_Sofas,Exact
sofa beds,sofa beds discount,SEM_Sofas,Exact
sofa beds,discount sofa beds,SEM_Sofas,Exact
sofa beds,sofa beds sale,SEM_Sofas,Exact
sofa beds,sale sofa beds,SEM_Sofas,Exact
sofa beds,sofa beds best value,SEM_Sofas,Exact
sofa beds,best value sofa beds,SEM_Sofas,Exact
sofa beds,sofa beds bargain,SEM_Sofas,Exact
sofa beds,bargain sofa beds,SEM_Sofas,Exact
sofa beds,sofa beds affordable,SEM_Sofas,Exact
sofa beds,affordable sofa beds,SEM_Sofas,Exact
sofa beds,sofa beds promotion,SEM_Sofas,Exact
sofa beds,promotion sofa beds,SEM_Sofas,Exact
sofa beds,sofa beds budget,SEM_Sofas,Exact
sofa beds,budget sofa beds,SEM_Sofas,Exact
sofas,sofas cheap,SEM_Sofas,Phrase
sofas,cheap sofas,SEM_Sofas,Phrase
sofas,sofas discount,SEM_Sofas,Phrase
sofas,discount sofas,SEM_Sofas,Phrase
sofas,sofas sale,SEM_Sofas,Phrase
sofas,sale sofas,SEM_Sofas,Phrase
sofas,sofas best value,SEM_Sofas,Phrase
sofas,best value sofas,SEM_Sofas,Phrase
sofas,sofas bargain,SEM_Sofas,Phrase
sofas,bargain sofas,SEM_Sofas,Phrase
sofas,sofas affordable,SEM_Sofas,Phrase
sofas,affordable sofas,SEM_Sofas,Phrase
sofas,sofas promotion,SEM_Sofas,Phrase
sofas,promotion sofas,SEM_Sofas,Phrase
sofas,sofas budget,SEM_Sofas,Phrase
sofas,budget sofas,SEM_Sofas,Phrase
convertible sofas,convertible sofas cheap,SEM_Sofas,Phrase
convertible sofas,cheap convertible sofas,SEM_Sofas,Phrase
convertible sofas,convertible sofas discount,SEM_Sofas,Phrase
convertible sofas,discount convertible sofas,SEM_Sofas,Phrase
convertible sofas,convertible sofas sale,SEM_Sofas,Phrase
convertible sofas,sale convertible sofas,SEM_Sofas,Phrase
convertible sofas,convertible sofas best value,SEM_Sofas,Phrase
convertible sofas,best value convertible sofas,SEM_Sofas,Phrase
convertible sofas,convertible sofas bargain,SEM_Sofas,Phrase
convertible sofas,bargain convertible sofas,SEM_Sofas,Phrase
convertible sofas,convertible sofas affordable,SEM_Sofas,Phrase
convertible sofas,affordable convertible sofas,SEM_Sofas,Phrase
convertible sofas,convertible sofas promotion,SEM_Sofas,Phrase
convertible sofas,promotion convertible sofas,SEM_Sofas,Phrase
convertible sofas,convertible sofas budget,SEM_Sofas,Phrase
convertible sofas,budget convertible sofas,SEM_Sofas,Phrase
love seats,love seats cheap,SEM_Sofas,Phrase
love seats,cheap love seats,SEM_Sofas,Phrase
love seats,love seats discount,SEM_Sofas,Phrase
love seats,discount love seats,SEM_Sofas,Phrase
love seats,love seats sale,SEM_Sofas,Phrase
love seats,sale love seats,SEM_Sofas,Phrase
love seats,love seats best value,SEM_Sofas,Phrase
love seats,best value love seats,SEM_Sofas,Phrase
love seats,love seats bargain,SEM_Sofas,Phrase
love seats,bargain love seats,SEM_Sofas,Phrase
love seats,love seats affordable,SEM_Sofas,Phrase
love seats,affordable love seats,SEM_Sofas,Phrase
love seats,love seats promotion,SEM_Sofas,Phrase
love seats,promotion love seats,SEM_Sofas,Phrase
love seats,love seats budget,SEM_Sofas,Phrase
love seats,budget love seats,SEM_Sofas,Phrase
recliners,recliners cheap,SEM_Sofas,Phrase
recliners,cheap recliners,SEM_Sofas,Phrase
recliners,recliners discount,SEM_Sofas,Phrase
recliners,discount recliners,SEM_Sofas,Phrase
recliners,recliners sale,SEM_Sofas,Phrase
recliners,sale recliners,SEM_Sofas,Phrase
recliners,recliners best value,SEM_Sofas,Phrase
recliners,best value recliners,SEM_Sofas,Phrase
recliners,recliners bargain,SEM_Sofas,Phrase
recliners,bargain recliners,SEM_Sofas,Phrase
recliners,recliners affordable,SEM_Sofas,Phrase
recliners,affordable recliners,SEM_Sofas,Phrase
recliners,recliners promotion,SEM_Sofas,Phrase
recliners,promotion recliners,SEM_Sofas,Phrase
recliners,recliners budget,SEM_Sofas,Phrase
recliners,budget recliners,SEM_Sofas,Phrase
sofa beds,sofa beds cheap,SEM_Sofas,Phrase
sofa beds,cheap sofa beds,SEM_Sofas,Phrase
sofa beds,sofa beds discount,SEM_Sofas,Phrase
sofa beds,discount sofa beds,SEM_Sofas,Phrase
sofa beds,sofa beds sale,SEM_Sofas,Phrase
sofa beds,sale sofa beds,SEM_Sofas,Phrase
sofa beds,sofa beds best value,SEM_Sofas,Phrase
sofa beds,best value sofa beds,SEM_Sofas,Phrase
sofa beds,sofa beds bargain,SEM_Sofas,Phrase
sofa beds,bargain sofa beds,SEM_Sofas,Phrase
sofa beds,sofa beds affordable,SEM_Sofas,Phrase
sofa beds,affordable sofa beds,SEM_Sofas,Phrase
sofa beds,sofa beds promotion,SEM_Sofas,Phrase
sofa beds,promotion sofa beds,SEM_Sofas,Phrase
sofa beds,sofa beds budget,SEM_Sofas,Phrase
sofa beds,budget sofa beds,SEM_Sofas,Phrase
